date,HDFCBANK,ICICIBANK,SBIN,TCS,INFY,WIPRO,RELIANCE,ONGC,HINDUNILVR,ITC,MARUTI,M&M,SUNPHARMA,DRREDDY,TATASTEEL,ULTRACEMCO
2025-09-15,1651.02,1238.37,843.47,4115.81,1849.16,556.88,2986.77,258.86,2490.07,466.49,12368.15,2847.47,1768.28,6783.43,161.68,11153.77
2025-09-16,1631.55,1249.98,842.02,4043.6,1774.38,541.7,3003.68,253.07,2492.38,456.14,12118.14,2800.66,1724.23,6772.97,158.18,11121.95
2025-09-17,1645.92,1253.91,850.35,4037.62,1764.25,547.31,2998.9,257.21,2519.2,462.18,12141.74,2819.55,1751.7,6851.89,159.73,11230.47
2025-09-18,1651.93,1286.15,863.7,4052.02,1807.64,558.5,3021.25,260.81,2548.47,463.99,12118.16,2849.66,1783.88,6890.22,161.23,11018.85
2025-09-19,1629.41,1259.64,842.17,3998.07,1713.35,534.74,2982.94,257.58,2517.81,454.36,11794.93,2734.45,1724.39,6940.23,155.99,10751.99
2025-09-22,1624.35,1270.87,825.45,3910.5,1684.96,527.27,2943.5,254.22,2502.85,442.57,11369.39,2705.7,1692.98,6772.02,153.02,10805.96
2025-09-23,1628.32,1274.15,814.63,3932.08,1661.74,526.32,2911.9,258.0,2476.18,440.75,11268.23,2735.36,1656.22,6779.64,153.9,10825.84
2025-09-24,1628.49,1275.21,809.45,3871.43,1673.6,526.9,2914.8,257.4,2419.85,439.42,11167.67,2733.31,1639.78,6759.97,152.44,10611.17
2025-09-25,1628.87,1301.17,800.97,3862.55,1658.88,526.63,2932.17,260.65,2422.95,442.47,11089.15,2778.0,1647.44,6794.58,150.45,10922.69
2025-09-26,1616.14,1286.47,778.57,3834.88,1653.93,511.27,2908.18,261.76,2417.99,436.39,10988.46,2735.05,1648.06,6700.72,149.24,10847.76
2025-09-29,1618.79,1279.22,792.97,3962.69,1679.37,507.22,2942.05,260.91,2459.06,445.53,11153.1,2845.77,1649.77,6783.99,151.62,10970.73
2025-09-30,1634.66,1279.22,805.24,3937.43,1731.23,511.69,2957.83,255.49,2508.04,446.34,11357.37,2875.84,1686.44,6817.37,155.31,11088.69
2025-10-01,1634.13,1287.29,786.5,3997.94,1727.64,519.31,3007.07,262.22,2547.09,444.24,11435.5,2884.65,1655.74,6677.46,156.87,11042.67
2025-10-02,1681.23,1272.07,796.77,4047.11,1754.08,509.84,3013.52,266.75,2539.65,454.16,11726.42,2927.46,1651.11,6748.52,157.48,11035.73
2025-10-03,1711.57,1287.14,812.45,4081.66,1728.72,514.83,3009.06,260.67,2537.98,456.82,11803.15,2958.51,1674.59,6677.98,156.2,11368.19
2025-10-06,1703.82,1269.61,814.8,4052.53,1740.72,518.38,2981.77,255.02,2536.5,451.28,11686.2,2937.79,1692.95,6471.07,152.43,11434.86
2025-10-07,1698.08,1292.24,830.09,4084.63,1729.77,519.3,3021.58,259.34,2604.68,452.24,11794.68,2952.06,1710.44,6504.59,151.57,11582.71
2025-10-08,1666.96,1243.23,819.98,4040.6,1701.98,517.71,2942.81,255.24,2626.77,452.93,11646.08,2950.01,1690.57,6487.71,150.22,11580.54
2025-10-09,1697.74,1238.71,819.9,4134.08,1715.33,517.58,2928.4,255.63,2669.07,461.74,11753.82,2997.84,1661.19,6586.98,153.21,11512.24
2025-10-10,1700.72,1211.18,807.26,4112.89,1680.71,516.37,2862.98,261.4,2658.16,458.61,11712.54,3001.76,1618.47,6633.29,154.97,11690.15
2025-10-13,1704.84,1196.37,808.93,4151.93,1682.46,503.83,2858.05,256.32,2632.56,457.65,11603.61,2969.4,1617.42,6451.44,155.12,11551.46
2025-10-14,1668.62,1193.86,805.71,4098.0,1692.18,484.06,2803.18,250.93,2641.67,455.08,11528.86,2946.74,1597.38,6293.47,153.55,11531.58
2025-10-15,1700.84,1202.14,833.05,4143.48,1717.8,496.95,2827.71,255.35,2632.86,456.71,11721.33,3001.77,1597.49,6536.1,159.13,11403.15
2025-10-16,1705.05,1196.62,843.71,4092.86,1680.93,489.32,2842.94,256.49,2624.22,455.83,11631.77,2978.43,1595.73,6434.7,159.5,11104.55
2025-10-17,1681.93,1190.1,837.32,4094.25,1671.38,483.9,2810.24,257.26,2614.44,454.03,11497.97,2938.01,1589.95,6460.73,158.36,11111.35
2025-10-20,1669.55,1189.91,819.35,4139.4,1681.4,472.81,2806.42,260.04,2649.09,456.51,11328.06,2987.47,1602.13,6379.46,160.0,10970.33
2025-10-21,1681.38,1179.03,821.39,4156.99,1649.87,466.33,2812.91,262.45,2648.32,462.99,11503.05,3006.14,1614.5,6417.44,161.73,10745.31
2025-10-22,1687.62,1193.14,827.64,4163.0,1632.93,467.0,2844.03,265.65,2592.34,463.34,11568.96,2986.51,1646.21,6384.18,162.2,10846.12
2025-10-23,1689.53,1207.16,829.72,4132.83,1657.34,464.34,2870.84,265.73,2611.24,464.3,11555.32,2988.37,1653.97,6456.59,161.82,11168.04
2025-10-24,1694.51,1217.11,827.76,4140.06,1669.53,468.91,2862.25,267.29,2600.25,468.49,11700.82,3007.48,1659.55,6493.81,164.37,11397.54
2025-10-27,1723.93,1246.1,854.19,4158.91,1712.03,482.98,2922.37,274.44,2634.72,475.61,12008.11,3127.54,1723.53,6585.19,173.26,11544.69
2025-10-28,1719.72,1246.9,843.69,4104.69,1745.96,482.9,2942.36,274.07,2625.96,475.96,11802.88,3121.09,1694.35,6467.45,171.85,11509.48
2025-10-29,1733.66,1275.26,830.76,4093.44,1747.74,481.71,2938.51,275.88,2610.86,473.37,11811.9,3112.52,1744.58,6458.69,172.8,11590.68
2025-10-30,1682.68,1265.75,825.25,4115.09,1748.79,487.88,2869.41,275.74,2617.85,466.33,11623.67,3054.56,1736.21,6305.22,166.43,11679.83
2025-10-31,1688.52,1266.51,827.29,4256.96,1820.12,483.91,2908.36,277.86,2588.85,465.5,11686.25,3093.56,1756.67,6377.44,168.15,11683.08
2025-11-03,1708.45,1264.88,842.3,4277.78,1834.24,489.49,2908.88,277.74,2593.3,475.58,11878.39,3126.91,1791.12,6675.71,171.5,11786.53
2025-11-04,1710.95,1246.74,844.02,4334.43,1813.64,496.52,2949.57,277.63,2608.49,474.48,11966.9,3104.33,1831.07,6789.54,169.69,11819.09
2025-11-05,1692.29,1218.67,821.79,4309.69,1808.99,500.56,2955.49,274.75,2579.94,476.77,11824.6,3038.22,1831.28,6800.48,171.72,11824.16
2025-11-06,1654.0,1196.92,807.49,4268.84,1804.87,486.33,2938.58,272.95,2527.61,471.28,11572.64,2967.47,1777.62,6739.35,169.01,11730.44
2025-11-07,1668.45,1201.65,830.33,4313.79,1803.59,487.63,2963.61,285.14,2553.69,475.13,11730.19,3025.48,1822.48,6605.7,170.18,11769.27
2025-11-10,1705.11,1213.65,825.21,4346.95,1792.36,500.85,2980.01,285.08,2592.81,487.22,11807.56,3079.48,1830.04,6534.15,172.49,12037.95
2025-11-11,1690.68,1219.38,807.45,4374.08,1854.75,507.31,3018.87,288.83,2599.96,485.66,12079.76,3131.9,1843.72,6680.69,170.21,12268.34
2025-11-12,1693.03,1201.0,780.31,4328.11,1850.66,504.91,2985.34,291.64,2541.02,475.68,11963.87,3098.83,1800.31,6568.2,166.67,12278.11
2025-11-13,1691.63,1217.2,782.86,4277.16,1837.33,504.59,2999.97,292.84,2561.75,481.4,11788.27,3130.46,1816.8,6520.2,169.23,12562.85
2025-11-14,1692.39,1229.95,784.25,4215.99,1860.57,502.49,3031.68,304.7,2522.73,478.83,11840.3,3089.56,1804.19,6511.99,168.33,12512.56
2025-11-17,1680.14,1229.31,785.12,4252.12,1861.58,505.63,3020.04,303.51,2533.39,479.68,12062.8,3122.68,1810.75,6432.21,167.37,12786.2
2025-11-18,1688.46,1226.91,807.22,4275.58,1870.58,508.62,3027.58,308.18,2524.81,481.32,12367.78,3171.29,1822.23,6378.38,172.56,12955.72
2025-11-19,1711.03,1237.69,780.61,4258.91,1887.66,509.49,2995.63,304.87,2499.96,483.27,12589.56,3199.16,1871.25,6386.61,175.9,13512.45
2025-11-20,1730.26,1247.05,791.72,4286.71,1868.63,513.77,2982.55,305.45,2499.32,482.72,12606.67,3244.4,1933.05,6350.21,179.09,13381.23
2025-11-21,1757.51,1224.23,809.25,4323.29,1877.95,509.28,2926.14,306.88,2495.76,482.31,12709.98,3220.45,1935.4,6290.54,178.33,13272.87
2025-11-24,1780.17,1225.72,799.85,4342.72,1928.98,514.59,2957.96,312.18,2484.46,485.24,12686.98,3194.35,1943.13,6241.06,178.74,13369.53
2025-11-25,1797.15,1235.73,802.23,4340.14,1951.66,539.37,3036.08,316.07,2507.89,484.25,12823.17,3207.3,1947.88,6321.49,179.09,13498.01
2025-11-26,1800.48,1207.63,778.86,4332.22,1915.84,517.87,3035.42,317.22,2475.29,475.22,12429.76,3146.94,1941.93,6215.31,172.41,13675.61
2025-11-27,1801.98,1207.52,766.1,4387.23,1897.65,518.29,2972.27,315.48,2493.82,472.53,12307.61,3148.46,1926.57,6181.01,169.34,13528.9
2025-11-28,1807.13,1180.44,757.88,4388.69,1879.29,510.16,2980.32,311.99,2493.39,465.33,12157.37,3088.16,1905.81,6202.4,166.68,13631.54
2025-12-01,1791.88,1195.18,766.1,4404.09,1861.86,510.58,3005.54,323.73,2467.09,461.08,12132.73,3030.63,1914.91,6152.72,162.79,13761.36
2025-12-02,1788.29,1212.09,782.47,4446.91,1847.98,509.29,2981.73,324.74,2442.42,460.3,12161.58,2998.28,1895.75,6113.15,159.07,13851.77
2025-12-03,1801.66,1221.88,794.23,4562.0,1895.65,523.1,3032.36,326.46,2425.43,465.2,12449.82,3062.01,1927.45,6238.04,163.8,13841.37
2025-12-04,1802.86,1219.43,805.66,4551.65,1839.29,526.57,2940.01,319.45,2419.5,460.52,12162.56,2984.33,1870.65,6242.38,161.65,13991.77
2025-12-05,1800.1,1190.38,816.23,4621.27,1876.18,533.52,2978.57,318.02,2425.12,464.53,12299.28,2994.81,1908.09,6286.16,167.71,14308.75
2025-12-08,1784.72,1157.42,817.45,4570.45,1837.78,531.95,2892.21,316.65,2346.44,455.07,11934.03,2893.64,1917.28,6193.42,161.4,14232.43
2025-12-09,1776.19,1149.91,812.68,4505.66,1840.57,513.02,2887.83,313.47,2329.54,456.06,11958.85,2879.6,1926.96,6108.73,160.93,14231.07
2025-12-10,1796.93,1135.24,815.73,4543.98,1817.02,525.28,2844.25,314.66,2311.52,461.78,12099.09,2858.08,1965.96,6047.03,161.95,14286.96
2025-12-11,1818.25,1150.88,825.98,4507.69,1857.79,531.33,2878.45,316.41,2354.96,462.58,12303.12,2882.04,1958.11,6142.67,163.17,14334.65
2025-12-12,1859.17,1187.56,870.34,4502.23,1899.71,543.44,2932.1,322.84,2326.39,467.32,12351.75,2941.13,1979.77,6220.04,166.66,14524.85
2025-12-15,1884.45,1176.48,889.53,4595.71,1937.03,538.93,2931.7,321.25,2305.11,469.83,12218.67,2946.1,1974.18,6304.13,170.54,14615.93
2025-12-16,1852.78,1160.47,876.85,4618.53,1893.79,530.67,2885.0,314.26,2324.87,469.61,11984.95,2923.92,1960.38,6306.38,170.06,14423.77
2025-12-17,1843.78,1159.79,882.91,4666.5,1905.29,528.97,2804.65,313.68,2348.78,473.25,12041.35,2926.84,1968.65,6282.09,168.11,14186.78
2025-12-18,1839.21,1192.07,888.4,4691.89,1930.28,533.76,2821.87,319.9,2343.85,478.83,12148.8,2956.84,1990.43,6391.53,170.01,14144.88
2025-12-19,1827.6,1171.38,880.14,4629.21,1887.81,534.64,2798.24,320.88,2326.81,471.48,12041.18,2932.96,1950.94,6459.72,166.75,14161.94
2025-12-22,1830.3,1163.63,876.07,4561.44,1864.6,535.1,2714.57,311.91,2322.7,467.59,11979.5,2900.86,1890.83,6460.4,161.41,14020.47
2025-12-23,1821.46,1181.15,863.32,4516.26,1853.25,515.68,2694.95,311.23,2255.72,467.12,11906.2,2840.26,1834.06,6382.48,156.97,13937.03
2025-12-24,1795.17,1147.74,856.02,4479.67,1850.13,517.34,2655.58,304.11,2203.35,462.38,11751.74,2824.03,1825.7,6445.56,152.37,13925.54
2025-12-25,1787.32,1132.91,861.65,4551.96,1862.7,520.15,2638.56,303.19,2203.81,468.03,11805.95,2856.72,1883.99,6494.74,154.49,13868.15
2025-12-26,1790.0,1127.78,867.06,4541.32,1871.85,519.42,2626.52,298.95,2238.71,466.13,11815.83,2854.56,1919.28,6557.97,156.99,14135.76
2025-12-29,1782.16,1125.96,879.88,4587.2,1919.24,512.75,2676.23,307.82,2238.43,463.73,11953.03,2897.9,1888.92,6624.79,157.28,14160.91
2025-12-30,1764.75,1134.1,852.09,4523.07,1941.27,513.83,2681.18,309.45,2234.74,462.39,12032.54,2885.23,1913.13,6619.26,156.54,14038.43
2025-12-31,1771.97,1138.93,861.48,4549.96,1874.57,497.76,2681.63,313.06,2261.27,456.82,12099.2,2917.22,1938.96,6563.14,155.11,14137.9
2026-01-01,1799.97,1118.1,856.94,4577.07,1877.78,505.61,2717.23,321.83,2316.13,458.57,12277.5,2932.82,1915.25,6663.35,156.29,13883.84
2026-01-02,1804.31,1122.85,836.77,4528.99,1868.22,493.54,2674.37,335.82,2298.89,461.78,12337.18,2918.69,1900.94,6901.59,154.16,13715.21
2026-01-05,1775.88,1118.21,841.0,4537.74,1834.81,496.31,2687.99,328.16,2304.66,456.93,12300.01,2938.35,1937.08,6895.59,156.48,13929.16
2026-01-06,1769.76,1131.06,834.51,4500.28,1825.43,491.83,2673.11,321.65,2336.03,449.69,12256.88,2923.86,1935.4,6858.45,153.38,13563.57
2026-01-07,1764.89,1118.6,822.61,4472.1,1848.02,497.79,2649.09,316.99,2296.89,444.62,12163.08,2881.18,1895.71,6793.39,154.12,13713.57
2026-01-08,1764.98,1105.99,827.62,4534.89,1816.03,494.41,2650.49,311.13,2314.28,442.82,11853.22,2887.64,1901.62,6723.99,152.59,13931.0
2026-01-09,1770.49,1103.54,799.86,4478.29,1803.27,483.24,2594.87,301.38,2275.21,436.73,11453.48,2842.94,1825.82,6787.15,148.19,13741.73
2026-01-12,1746.54,1118.6,800.42,4487.89,1790.39,482.36,2622.38,301.54,2283.96,443.39,11437.82,2833.29,1830.7,6756.09,147.33,13840.65
2026-01-13,1730.02,1120.99,789.07,4374.6,1767.21,488.32,2624.61,293.89,2272.08,444.7,11408.55,2840.19,1846.71,6682.82,146.48,13982.79
2026-01-14,1739.01,1096.61,788.56,4335.78,1800.59,491.95,2543.46,295.5,2251.25,446.42,11419.49,2894.4,1847.13,6541.89,147.99,13902.06
2026-01-15,1722.6,1108.27,796.42,4343.98,1796.09,491.84,2589.16,297.34,2236.32,448.86,11513.61,2941.32,1845.54,6504.18,149.71,14101.68
2026-01-16,1751.86,1097.05,790.09,4332.42,1813.98,492.57,2517.15,301.21,2248.14,452.04,11768.77,2998.1,1875.56,6382.68,154.81,14030.6
2026-01-19,1768.02,1105.92,804.76,4420.39,1782.33,485.46,2517.93,306.03,2278.71,451.77,11758.89,3032.27,1912.91,6476.5,159.24,14016.43
2026-01-20,1779.37,1084.64,804.27,4408.52,1822.97,487.47,2542.94,308.67,2274.37,454.31,11738.22,2984.75,1942.08,6717.26,158.36,13866.67
2026-01-21,1763.6,1087.31,779.39,4447.12,1829.45,473.48,2522.62,305.21,2270.0,448.67,11694.54,2918.05,1953.64,6656.88,156.54,13879.87
2026-01-22,1774.72,1075.16,758.01,4446.04,1823.64,477.94,2480.71,315.71,2281.29,451.2,11610.76,2920.08,1978.18,6503.93,157.13,14070.36
2026-01-23,1763.87,1043.64,741.12,4375.8,1807.99,469.94,2407.89,310.72,2237.18,448.3,11335.58,2826.71,1957.76,6478.53,150.91,13859.72
2026-01-26,1744.19,1041.67,724.84,4311.19,1751.88,477.99,2397.31,296.25,2233.59,443.07,10960.54,2739.51,1931.56,6328.17,148.95,13494.09
2026-01-27,1726.71,1034.3,711.22,4256.55,1756.23,463.93,2315.21,286.9,2233.38,437.1,10876.72,2679.57,1904.25,6359.06,146.0,13181.14
2026-01-28,1715.0,1018.13,701.56,4288.64,1732.58,458.17,2318.61,275.52,2276.3,434.42,10663.01,2649.94,1876.67,6275.12,143.78,13145.27
2026-01-29,1708.22,1040.64,707.29,4206.06,1734.37,471.69,2326.82,276.83,2273.36,426.51,10899.09,2634.19,1856.64,6244.73,145.93,13487.95
2026-01-30,1691.89,1027.41,707.84,4086.67,1708.85,474.71,2274.91,273.33,2250.97,423.93,10754.91,2585.58,1815.27,6176.24,146.39,13460.39
2026-02-02,1683.71,1024.75,693.66,4049.43,1690.12,468.15,2251.35,269.98,2262.43,422.06,10784.34,2602.34,1800.76,6216.38,145.64,13356.59
2026-02-03,1709.3,1038.51,694.36,4100.45,1725.7,476.26,2257.47,283.26,2298.0,426.93,10979.98,2633.22,1833.15,6272.72,148.88,13614.96
2026-02-04,1718.53,1027.23,680.81,4114.34,1725.33,474.34,2269.77,284.6,2281.18,427.82,10920.13,2636.93,1858.63,6209.41,150.46,13536.88
2026-02-05,1714.09,1039.3,690.03,4162.82,1751.46,479.98,2305.46,290.44,2282.25,430.45,10982.51,2657.27,1873.22,6235.09,154.15,13547.21
2026-02-06,1697.6,1024.62,693.1,4109.46,1735.82,470.46,2240.6,282.88,2281.23,423.02,10846.09,2629.04,1876.37,6075.26,150.98,13292.27
2026-02-09,1716.31,1017.42,687.07,4142.96,1743.57,468.75,2225.77,277.54,2260.2,421.74,10840.56,2644.27,1897.15,6095.11,150.39,13503.77
2026-02-10,1690.41,1028.03,655.77,4147.44,1718.78,453.69,2182.8,274.61,2238.37,418.26,10625.95,2619.8,1870.82,5897.07,148.12,12991.26
2026-02-11,1673.04,1011.43,637.81,4141.17,1762.21,452.78,2205.23,274.26,2235.61,417.3,10562.63,2625.1,1877.2,5842.62,147.8,13085.42
2026-02-12,1688.72,986.34,637.54,4214.67,1740.97,459.75,2192.6,268.55,2268.4,421.03,10636.33,2634.88,1889.39,5948.43,147.71,13091.67
2026-02-13,1674.52,993.91,618.41,4156.27,1740.43,449.64,2190.07,262.38,2231.88,417.7,10569.54,2585.96,1882.87,5875.73,140.63,12855.75
2026-02-16,1681.19,1030.8,618.41,4149.89,1777.84,441.75,2199.14,263.71,2198.2,415.85,10626.18,2585.1,1907.16,5945.87,140.27,13169.55
2026-02-17,1704.32,1027.12,620.56,4188.08,1762.45,448.92,2177.02,263.45,2160.94,417.29,10794.09,2600.34,1883.81,5953.17,139.3,13075.63
2026-02-18,1707.69,996.85,613.02,4168.47,1802.66,448.19,2147.38,258.11,2127.18,419.13,10684.71,2580.62,1874.49,6012.85,136.76,12906.79
2026-02-19,1697.64,981.78,609.99,4110.66,1800.78,436.67,2096.26,251.51,2082.21,408.1,10486.91,2530.8,1881.74,6004.95,134.17,12745.15
2026-02-20,1706.84,978.55,604.88,4174.11,1824.08,435.26,2069.03,250.94,2079.87,408.9,10385.41,2540.56,1878.76,6044.28,134.06,12816.23
2026-02-23,1733.29,972.07,593.59,4052.06,1815.48,423.79,2059.3,249.72,2049.56,405.07,10268.88,2500.56,1877.58,6088.78,133.05,12694.29
2026-02-24,1733.72,959.67,599.18,4003.6,1814.21,418.83,2037.03,252.86,2038.44,404.75,10319.1,2481.13,1895.26,6163.02,131.72,12469.84
2026-02-25,1703.93,966.99,586.89,3956.83,1809.55,415.76,1989.98,257.41,2023.44,402.0,10453.35,2499.95,1871.01,6127.23,131.04,12337.64
2026-02-26,1753.15,985.53,602.45,4003.19,1845.76,430.3,2015.6,260.92,2034.16,407.39,10712.71,2569.26,1917.76,6108.18,135.78,12685.62
2026-02-27,1742.23,964.64,601.29,3983.47,1874.38,425.33,1971.59,258.2,2057.15,412.26,10794.14,2583.85,1879.11,6128.1,136.08,12673.19
2026-03-02,1727.56,965.76,591.96,3885.17,1860.55,424.26,1934.34,256.94,2057.52,404.43,10691.12,2539.99,1842.35,6113.26,132.45,12645.04
2026-03-03,1750.1,993.2,606.18,3853.36,1842.05,421.88,1918.92,260.03,2059.92,401.44,10858.18,2516.9,1870.93,6212.98,133.1,12619.87
2026-03-04,1729.16,996.99,602.71,3828.05,1864.99,424.28,1905.22,258.78,2053.37,398.22,10885.69,2546.15,1883.8,6147.29,137.01,12536.68
2026-03-05,1731.56,1002.89,630.87,3974.39,1910.8,429.74,1974.78,266.29,2061.4,408.57,11312.68,2594.27,1905.93,6150.22,140.36,12930.03
2026-03-06,1720.47,1007.35,635.77,4078.79,1941.58,438.89,1993.33,273.21,2078.14,410.23,11402.19,2636.77,1934.85,6236.19,141.34,12979.91
2026-03-09,1714.03,1018.12,627.68,4075.59,1966.31,437.3,2005.96,280.19,2094.2,411.46,11388.49,2637.16,1941.06,6250.33,141.94,12942.22
2026-03-10,1743.53,1006.51,640.37,4117.86,1986.34,434.74,1998.5,293.4,2094.11,415.71,11514.71,2737.72,1974.05,6177.73,145.87,13262.94
2026-03-11,1732.53,999.42,621.18,4024.25,1941.15,420.93,1959.38,285.22,2079.86,408.19,11533.59,2665.25,1963.03,6139.11,142.48,13026.41
2026-03-12,1726.48,989.37,609.62,3923.67,1908.22,414.87,1950.42,283.12,2031.64,405.04,11502.75,2629.83,1930.68,5951.74,140.76,12867.39
2026-03-13,1690.91,1006.21,605.38,3884.01,1852.73,403.58,1909.93,280.09,2024.39,409.24,11319.69,2592.57,1910.9,5825.02,136.12,12778.24
2026-03-16,1651.22,1000.82,606.73,3830.74,1851.31,404.08,1920.52,278.31,2034.42,412.14,11368.95,2552.17,1894.65,5909.13,133.65,12739.52
2026-03-17,1631.3,1011.97,590.73,3776.87,1825.46,395.42,1868.1,270.93,2012.15,404.27,11208.07,2502.45,1827.93,5976.96,130.11,12647.46
2026-03-18,1633.9,1002.26,603.61,3739.32,1825.91,411.4,1874.73,266.28,2055.33,408.64,11488.74,2562.55,1819.97,5914.67,131.33,13040.08
2026-03-19,1637.01,1008.13,611.27,3702.68,1754.93,400.6,1858.33,265.95,2035.12,405.18,11309.24,2542.37,1851.07,5875.53,129.93,13071.22
2026-03-20,1625.02,1000.88,611.25,3655.85,1703.6,395.24,1832.59,258.1,2021.37,394.3,11049.27,2490.39,1828.53,5797.43,126.23,12550.95
2026-03-23,1611.88,981.83,607.38,3633.31,1711.41,384.76,1800.28,255.39,2008.3,393.69,10848.42,2393.13,1777.32,5880.45,123.99,12504.49
2026-03-24,1627.1,986.36,621.17,3659.14,1701.84,383.4,1800.81,252.94,2010.0,398.33,10724.12,2404.12,1749.4,5858.15,125.94,12538.6
2026-03-25,1642.7,1008.41,612.12,3639.99,1722.87,387.64,1812.07,250.77,2017.76,404.61,10944.58,2430.14,1763.62,5866.02,127.69,12623.4
2026-03-26,1680.44,1019.52,625.59,3741.91,1724.49,383.62,1836.07,257.59,2044.0,410.58,11234.97,2492.32,1839.97,6101.78,132.97,12852.27
2026-03-27,1714.9,1019.67,642.31,3817.04,1804.53,397.31,1903.42,267.06,2096.9,421.14,11780.25,2636.31,1897.99,6238.85,139.27,13131.2
2026-03-30,1718.55,1022.56,646.75,3856.2,1808.01,409.69,1916.5,270.87,2130.04,425.15,12075.42,2646.33,1938.26,6323.31,141.21,13162.27
2026-03-31,1705.93,1002.86,633.35,3818.97,1797.72,402.67,1894.46,277.54,2117.28,422.55,11870.74,2599.91,1924.5,6141.05,139.27,13162.75
2026-04-01,1685.02,982.11,614.34,3690.12,1814.68,394.73,1843.31,271.94,2106.76,413.08,11474.56,2503.25,1888.71,6004.64,135.3,12865.23
2026-04-02,1683.21,982.97,632.34,3687.59,1854.29,401.47,1864.27,274.92,2095.8,408.95,11527.93,2473.34,1862.83,5886.43,137.04,12739.48
2026-04-03,1678.27,955.28,624.07,3671.96,1832.88,396.95,1843.36,267.49,2100.92,406.23,11484.2,2417.35,1867.02,5758.73,135.92,13143.38
2026-04-06,1667.94,932.29,624.05,3679.47,1811.87,391.93,1829.0,260.57,2080.25,408.03,11362.93,2420.31,1850.07,5800.47,134.72,12985.38
2026-04-07,1656.85,933.68,616.99,3652.41,1793.89,377.19,1819.0,265.51,2094.39,402.0,11205.62,2353.71,1856.79,5762.58,133.58,12940.37
2026-04-08,1666.59,926.23,616.37,3703.39,1802.92,379.9,1849.57,261.01,2137.51,403.43,11277.05,2332.81,1834.71,5729.6,134.84,12688.18
2026-04-09,1653.74,903.02,625.01,3778.99,1818.34,383.71,1843.58,259.7,2148.53,408.4,11483.27,2365.04,1861.2,5728.67,136.42,12807.5
2026-04-10,1637.38,913.3,630.01,3774.63,1811.69,378.97,1861.82,259.96,2105.49,411.33,11319.91,2405.84,1872.54,5719.4,135.79,12674.02
2026-04-13,1613.91,915.33,638.61,3796.89,1842.71,378.91,1820.96,259.04,2092.28,413.46,11182.11,2414.9,1865.25,5733.23,135.65,12588.42
2026-04-14,1566.47,899.58,644.1,3832.33,1822.08,371.57,1805.08,252.12,2104.02,407.34,11150.32,2363.18,1852.25,5752.31,133.74,12652.01
2026-04-15,1533.57,872.9,632.6,3845.47,1846.54,362.1,1803.43,245.97,2094.02,396.15,10920.77,2325.02,1810.59,5465.82,128.5,12565.44
2026-04-16,1536.67,879.08,633.51,3780.5,1840.05,363.15,1803.42,249.54,2092.81,392.74,10777.56,2292.02,1785.65,5379.81,127.23,12606.62
2026-04-17,1531.99,882.63,623.14,3743.36,1880.96,356.23,1805.5,246.05,2112.42,395.21,10753.11,2309.24,1820.53,5387.86,126.94,12326.9
2026-04-20,1559.4,922.78,636.92,3863.99,1920.77,368.44,1828.4,245.4,2144.74,399.97,11027.55,2348.81,1882.24,5470.11,127.76,12778.02
2026-04-21,1576.01,928.67,646.09,3827.75,1946.47,361.85,1831.33,249.56,2171.59,398.29,11112.1,2374.81,1866.92,5505.78,127.71,12601.89
2026-04-22,1608.54,940.32,662.12,3812.93,1946.26,362.37,1845.29,254.43,2203.69,396.29,11145.18,2404.26,1901.36,5576.09,129.74,12936.62
2026-04-23,1600.16,934.59,659.56,3775.94,1916.11,370.05,1819.86,250.34,2229.4,399.8,10990.03,2363.87,1872.7,5526.6,128.3,13050.76
2026-04-24,1601.65,935.95,657.1,3748.58,1905.82,370.95,1791.32,240.51,2221.16,397.96,10828.04,2314.29,1819.86,5426.19,127.61,13026.3
2026-04-27,1588.79,936.55,653.03,3709.85,1912.25,367.49,1776.66,234.88,2227.55,396.76,10669.93,2283.36,1822.96,5358.81,123.63,12794.52
2026-04-28,1566.74,946.57,657.34,3659.89,1900.05,359.81,1748.34,232.66,2211.21,397.05,10607.3,2246.9,1769.38,5404.35,120.85,12747.44
2026-04-29,1589.01,955.51,678.54,3709.99,1906.7,365.56,1772.6,243.05,2226.49,406.65,10825.45,2336.24,1834.15,5458.91,121.86,12876.64
2026-04-30,1556.84,944.03,667.89,3654.39,1859.55,362.6,1731.46,236.62,2252.14,402.81,10728.62,2293.65,1810.9,5411.65,119.38,12800.54
2026-05-01,1556.55,944.09,678.26,3651.33,1840.39,366.08,1754.1,238.56,2268.04,405.38,10951.98,2336.85,1823.35,5467.15,120.63,12840.44
2026-05-04,1538.88,947.19,644.01,3702.96,1784.28,361.96,1747.41,238.66,2273.22,400.69,10852.7,2311.15,1813.53,5534.9,117.95,12434.32
2026-05-05,1562.76,972.68,655.23,3746.99,1802.17,365.46,1768.97,231.92,2288.51,412.36,11008.77,2344.69,1846.2,5560.36,121.46,12695.59
2026-05-06,1591.81,969.62,626.63,3793.98,1834.41,365.87,1794.57,236.92,2280.73,415.56,11059.4,2350.18,1835.03,5651.99,123.5,12718.31
2026-05-07,1570.39,963.0,610.77,3769.45,1831.18,357.98,1793.08,231.88,2278.69,413.46,10959.44,2346.84,1848.0,5736.97,123.23,12625.98
2026-05-08,1575.06,966.54,614.09,3760.61,1778.59,355.22,1799.69,232.99,2309.7,414.76,10945.26,2355.82,1849.49,5729.1,122.59,12533.54
2026-05-11,1551.45,958.52,612.67,3710.13,1763.24,357.11,1792.88,232.12,2312.85,409.05,10952.34,2371.52,1806.69,5677.12,122.55,12526.08
2026-05-12,1564.1,973.7,606.52,3628.25,1766.75,352.08,1799.4,237.49,2280.98,415.48,11010.27,2407.34,1811.87,5675.1,123.48,12428.6
2026-05-13,1555.73,942.14,597.0,3562.68,1806.36,349.36,1780.33,238.34,2269.92,411.62,10859.6,2409.04,1833.6,5630.77,121.3,12043.81
2026-05-14,1514.01,923.23,598.38,3457.53,1752.88,340.76,1799.54,225.9,2292.18,408.56,10627.75,2423.7,1846.03,5629.7,116.3,11992.27
2026-05-15,1508.53,904.85,584.45,3339.1,1723.29,336.49,1766.48,219.67,2269.89,407.09,10451.15,2384.01,1835.24,5579.03,113.05,11952.8
2026-05-18,1502.84,878.96,603.77,3304.6,1763.56,335.26,1756.87,220.57,2233.04,408.91,10444.11,2400.09,1811.41,5605.0,114.36,11937.54
2026-05-19,1517.4,878.45,616.31,3399.48,1799.82,348.1,1794.72,223.88,2295.57,415.15,10722.45,2476.55,1855.72,5602.8,120.75,11908.55
2026-05-20,1505.4,868.99,620.93,3402.86,1815.2,351.11,1802.45,226.02,2312.77,415.76,10790.77,2461.5,1878.79,5538.12,121.16,11934.78
2026-05-21,1495.11,865.83,633.6,3442.79,1815.59,344.3,1772.94,228.62,2309.42,415.1,10848.31,2447.17,1893.08,5692.57,119.82,11708.64
2026-05-22,1504.48,880.31,637.01,3466.13,1827.85,348.54,1799.75,231.65,2304.97,414.32,11016.53,2447.63,1917.81,5693.52,118.79,11584.36
2026-05-25,1519.84,886.22,639.17,3537.08,1868.41,349.75,1822.8,234.31,2347.25,417.84,11312.46,2513.25,1955.44,5703.45,122.38,11589.35
2026-05-26,1527.12,875.77,639.95,3512.42,1852.92,347.75,1805.11,227.82,2337.95,423.44,11261.52,2518.07,1958.32,5825.22,120.38,11729.19
2026-05-27,1526.11,872.27,636.08,3516.63,1866.22,347.64,1820.21,224.99,2357.99,421.46,11113.17,2503.87,1934.01,5823.97,120.21,11639.38
2026-05-28,1559.27,891.7,633.45,3579.81,1852.89,349.44,1853.94,229.42,2385.93,423.17,11281.62,2572.24,1912.49,5929.85,123.77,11670.57
2026-05-29,1560.57,883.22,634.71,3573.58,1867.86,355.39,1836.99,226.42,2397.55,423.13,11308.26,2608.68,1929.86,5941.97,125.33,11993.83
2026-06-01,1562.18,883.03,641.05,3646.64,1898.96,357.52,1903.03,232.85,2422.93,432.75,11452.01,2670.29,1968.57,6001.81,128.51,12185.05
2026-06-02,1579.28,890.63,650.6,3673.44,1887.19,355.13,1920.1,236.82,2421.35,435.7,11439.77,2662.67,1986.26,5997.68,129.74,12251.9
2026-06-03,1557.15,879.67,640.39,3610.28,1864.92,347.18,1894.89,233.92,2427.84,432.66,11197.31,2635.09,1925.66,5819.33,127.12,12082.8
2026-06-04,1552.76,877.78,626.45,3523.07,1826.51,339.29,1899.64,218.85,2387.89,426.39,10920.21,2593.8,1910.68,5737.46,122.88,11869.8
2026-06-05,1581.42,888.69,639.16,3536.9,1829.71,350.72,1936.3,218.39,2374.09,434.77,11150.7,2627.77,1997.8,5849.55,129.29,11696.03
2026-06-08,1604.46,908.67,655.68,3598.67,1850.91,360.47,1971.21,229.79,2412.8,439.5,11535.6,2694.58,2039.52,6093.67,132.82,11990.45
2026-06-09,1606.59,895.16,659.52,3603.89,1821.92,368.31,1953.29,227.21,2424.74,437.87,11522.98,2690.07,2033.45,6089.61,133.54,12039.64
2026-06-10,1628.31,892.29,647.25,3561.99,1822.61,378.39,1957.37,218.88,2430.24,439.56,11688.54,2690.62,2032.06,5879.87,128.96,11977.12
2026-06-11,1680.11,899.76,650.43,3612.93,1820.75,379.0,1997.96,227.16,2461.09,448.47,11949.64,2775.87,2119.49,5952.85,134.34,12087.76
2026-06-12,1664.14,878.03,650.59,3594.83,1818.09,374.73,1974.72,224.26,2437.14,440.57,11733.37,2732.62,2065.71,6110.98,133.88,12095.94
2026-06-15,1652.82,854.35,639.28,3585.83,1775.93,365.04,1939.27,225.98,2442.41,434.07,11583.34,2706.2,2049.47,6129.85,131.74,11784.48
2026-06-16,1678.05,866.18,632.32,3664.1,1773.66,363.63,1955.06,228.67,2450.61,436.97,11712.73,2735.57,2043.82,6099.47,134.11,11754.28
2026-06-17,1659.63,859.52,632.74,3696.78,1752.98,358.87,1945.21,229.3,2433.23,441.18,11686.21,2702.27,2020.38,6124.45,133.98,11554.49
2026-06-18,1664.25,848.02,636.57,3659.43,1782.35,353.59,1917.14,230.62,2425.7,434.68,11880.45,2695.64,2018.71,6062.69,132.95,11809.01
2026-06-19,1661.27,845.8,622.03,3715.34,1786.87,347.81,1883.51,232.79,2470.78,434.92,11770.93,2688.49,2048.91,5943.64,133.36,11921.8
2026-06-22,1670.81,860.45,626.64,3707.31,1787.5,348.35,1901.59,242.6,2434.6,431.65,11908.13,2701.99,2103.51,5933.92,132.91,11629.37
2026-06-23,1679.97,844.2,644.64,3796.83,1822.44,347.81,1876.63,250.52,2466.89,435.11,12168.4,2720.17,2149.58,6019.49,135.37,11533.8
2026-06-24,1658.1,828.37,648.58,3802.35,1775.72,352.17,1882.38,244.29,2428.49,434.22,12029.63,2714.58,2141.38,5874.4,137.32,11521.56
2026-06-25,1637.87,822.42,659.61,3809.84,1785.26,350.14,1885.34,247.89,2435.17,435.36,12214.49,2743.89,2225.41,5818.85,140.45,11508.8
2026-06-26,1591.89,825.08,629.83,3668.35,1796.0,355.87,1870.74,246.61,2395.29,425.46,11982.18,2647.52,2161.61,5707.87,134.22,11147.11
2026-06-29,1584.71,827.72,632.15,3660.0,1797.97,353.41,1859.65,251.35,2346.84,425.26,11890.05,2639.48,2144.68,5673.34,132.95,11413.38
2026-06-30,1568.46,830.56,622.5,3574.0,1785.15,350.45,1856.01,247.11,2343.63,420.22,11745.41,2613.99,2076.97,5657.7,129.94,11383.94
2026-07-01,1577.44,810.61,608.49,3566.4,1776.99,339.61,1824.15,248.31,2317.95,410.88,11382.39,2539.22,2083.88,5502.14,128.15,11345.31
2026-07-02,1579.91,793.43,608.54,3590.14,1782.34,344.33,1809.24,249.53,2259.51,410.0,11125.98,2468.76,2087.8,5508.72,124.66,11173.25
2026-07-03,1561.84,795.94,618.05,3549.91,1732.17,348.37,1817.0,259.27,2273.15,411.09,11165.23,2447.81,2143.43,5404.21,124.39,11244.11
2026-07-06,1579.56,802.06,640.85,3591.74,1710.02,353.28,1825.41,258.77,2317.3,417.22,11268.28,2500.07,2128.45,5571.63,127.52,11267.51
2026-07-07,1554.96,799.56,640.99,3520.34,1693.23,341.7,1819.12,252.65,2332.05,407.29,10957.42,2481.64,2134.55,5376.69,124.34,11115.36
2026-07-08,1551.42,797.7,640.18,3498.99,1678.24,342.76,1800.13,251.41,2340.4,408.32,10980.98,2498.91,2136.87,5299.27,125.83,11201.16
2026-07-09,1546.98,797.55,639.05,3509.49,1698.44,335.65,1796.4,247.94,2334.51,408.59,10858.22,2448.42,2146.25,5304.13,124.27,10936.45
2026-07-10,1550.59,797.1,642.85,3496.78,1686.28,341.23,1807.84,243.35,2359.77,404.12,10765.29,2430.28,2094.19,5406.49,123.21,11126.19
2026-07-13,1560.06,811.33,652.34,3592.19,1660.77,348.82,1840.0,235.2,2412.6,407.86,10984.07,2475.02,2157.5,5480.04,124.04,11234.64
2026-07-14,1582.19,823.21,658.02,3593.09,1642.35,351.29,1888.92,234.93,2446.79,409.48,10964.39,2500.02,2192.08,5548.82,126.69,11459.34
2026-07-15,1585.59,814.21,677.1,3675.7,1605.9,344.62,1900.0,240.02,2444.04,420.42,11093.14,2566.01,2224.66,5619.56,128.63,11420.98
2026-07-16,1583.32,789.68,675.06,3673.47,1598.63,339.34,1868.7,237.6,2446.37,426.05,11080.94,2539.42,2238.4,5533.92,128.76,11276.89
2026-07-17,1609.21,795.72,662.21,3677.8,1584.27,339.93,1834.98,243.28,2446.37,417.92,11055.77,2511.91,2199.04,5461.09,127.01,11056.6
2026-07-20,1608.93,806.66,656.44,3653.19,1572.28,344.77,1843.49,242.65,2400.73,425.1,11129.25,2511.3,2177.21,5361.01,124.95,11071.08
2026-07-21,1632.62,797.38,664.11,3659.54,1597.34,350.98,1857.97,248.52,2414.96,423.04,11106.79,2538.41,2170.34,5281.14,124.6,11099.21
2026-07-22,1636.42,779.25,665.56,3661.17,1624.26,343.95,1863.29,250.05,2470.85,426.9,11217.52,2527.99,2124.56,5317.79,126.97,11049.09
2026-07-23,1628.44,773.72,659.05,3592.75,1604.2,341.25,1819.62,250.26,2469.87,425.8,10974.4,2476.33,2120.68,5184.46,124.76,10821.41
2026-07-24,1628.84,783.61,665.75,3619.4,1562.53,346.37,1836.27,251.63,2506.36,422.88,11149.58,2423.56,2154.5,5210.47,123.5,10659.19
2026-07-27,1629.68,803.5,664.24,3650.64,1577.96,339.31,1816.39,258.0,2514.05,425.34,11082.99,2419.4,2140.96,5130.56,124.42,10669.98
2026-07-28,1656.03,824.58,693.56,3761.84,1626.78,348.71,1888.77,265.84,2550.27,434.89,11610.16,2508.55,2213.2,5273.58,129.97,10810.45
2026-07-29,1690.76,832.38,714.43,3889.15,1661.89,357.25,1986.75,273.87,2588.41,444.31,11860.97,2563.38,2253.68,5331.62,139.85,10870.42
2026-07-30,1665.14,817.3,694.6,3913.34,1669.1,352.4,1976.41,272.75,2554.91,441.59,11906.99,2531.31,2240.53,5389.08,138.13,11008.55
2026-07-31,1670.32,815.53,705.53,3887.59,1640.03,342.36,1982.58,270.5,2526.79,444.46,11913.15,2517.95,2215.33,5397.21,136.78,10972.43
2026-08-03,1663.75,803.21,687.27,3847.3,1659.21,335.35,1941.48,267.67,2535.31,438.76,11570.5,2412.08,2154.05,5411.78,135.36,11023.06
2026-08-04,1659.99,788.98,666.68,3801.41,1629.93,331.63,1891.88,275.76,2559.8,435.79,11423.78,2393.06,2167.53,5326.83,131.1,10900.81
2026-08-05,1660.48,812.2,659.91,3813.47,1650.14,332.05,1885.73,275.49,2540.12,440.72,11546.08,2386.15,2173.36,5345.95,131.96,10958.74
2026-08-06,1685.33,838.94,661.12,3834.45,1633.37,333.8,1887.44,281.25,2582.32,447.58,11844.7,2442.81,2259.93,5335.45,137.96,11049.9
2026-08-07,1669.55,846.62,655.15,3869.49,1603.06,329.07,1843.72,284.66,2568.76,447.07,11713.87,2387.73,2242.03,5269.0,135.94,10759.75
2026-08-10,1673.09,832.24,647.02,3858.9,1623.98,326.49,1865.04,287.81,2566.94,442.1,11607.64,2362.77,2199.23,5217.64,131.67,10896.78
2026-08-11,1614.61,827.75,626.02,3771.58,1586.23,320.81,1828.19,280.72,2545.24,429.98,11324.65,2276.17,2178.48,5063.19,126.05,10703.04
2026-08-12,1607.39,833.54,629.84,3810.52,1600.56,318.84,1832.31,269.35,2567.06,427.44,11308.86,2275.62,2191.34,4973.02,127.76,10788.05
2026-08-13,1564.43,831.47,623.86,3690.55,1589.29,313.32,1805.55,268.27,2552.65,421.25,11022.01,2238.77,2184.2,4830.5,125.84,10601.84
2026-08-14,1536.64,841.61,622.09,3598.31,1579.14,311.86,1791.89,256.99,2579.19,421.71,10866.34,2214.51,2203.23,4657.37,123.42,10537.05
2026-08-17,1542.52,842.84,618.27,3596.3,1593.34,300.74,1793.64,260.58,2573.18,421.45,10750.07,2154.77,2163.04,4553.55,120.5,10354.91
2026-08-18,1553.14,850.29,622.58,3594.87,1586.97,302.37,1791.02,260.97,2587.06,420.56,10839.56,2124.45,2156.94,4587.36,119.49,10506.02
2026-08-19,1518.82,845.82,591.09,3543.24,1526.08,296.55,1767.8,259.89,2539.36,418.37,10707.82,2054.31,2108.92,4415.9,116.21,10406.91
2026-08-20,1479.07,839.99,576.83,3447.35,1489.85,291.94,1736.64,251.68,2569.85,417.11,10550.47,2005.6,2040.07,4275.67,114.88,10338.42
2026-08-21,1469.45,834.09,575.82,3517.38,1530.29,302.78,1769.57,251.41,2614.46,426.11,10899.65,2064.99,2083.47,4467.54,120.82,10682.46
2026-08-24,1445.36,826.71,566.33,3544.11,1519.37,290.54,1719.12,248.7,2612.09,418.42,10764.39,2032.74,2087.19,4375.71,118.62,10730.87
2026-08-25,1461.38,813.78,558.08,3535.66,1474.12,279.3,1663.22,245.37,2554.95,419.24,10539.17,1991.91,2066.85,4348.96,114.51,10742.84
2026-08-26,1491.54,811.57,579.79,3604.33,1485.79,286.01,1690.99,248.58,2562.66,426.14,10804.32,2035.08,2075.4,4462.36,116.56,10701.23
2026-08-27,1523.93,848.12,612.05,3689.68,1515.33,295.19,1744.77,257.41,2638.72,438.05,11185.79,2127.77,2104.23,4626.16,123.58,10842.84
2026-08-28,1513.77,859.6,604.25,3633.7,1491.7,292.07,1699.32,265.73,2627.36,432.2,10889.01,2091.41,2119.49,4482.42,119.11,10613.79
2026-08-31,1488.21,872.41,597.15,3544.29,1460.7,288.99,1691.87,268.21,2573.54,427.78,10859.56,2084.34,2107.84,4452.51,117.99,10679.06
2026-09-01,1488.86,877.51,603.69,3564.76,1453.58,292.71,1698.8,273.92,2604.55,424.28,10927.44,2129.06,2098.74,4370.31,119.1,10728.07
2026-09-02,1513.66,904.89,613.06,3654.82,1463.53,302.13,1690.33,283.33,2617.74,433.13,11260.94,2176.83,2133.26,4589.45,121.27,10681.94
2026-09-03,1498.89,898.12,605.03,3563.45,1464.14,300.84,1656.13,286.95,2637.75,426.62,11150.81,2140.62,2070.21,4450.24,117.71,10577.03
2026-09-04,1505.76,898.7,611.1,3531.3,1475.65,298.9,1658.9,285.19,2631.48,435.76,11132.05,2139.46,2101.2,4377.43,117.03,10362.94
2026-09-07,1520.89,891.17,612.62,3516.49,1483.49,292.76,1679.43,278.13,2648.81,435.2,11305.18,2165.78,2109.36,4347.81,119.35,10415.8
2026-09-08,1535.72,898.68,622.79,3496.96,1481.97,297.26,1666.17,278.61,2685.86,432.7,11370.11,2171.52,2156.25,4278.25,121.74,10236.88
2026-09-09,1521.2,896.7,625.33,3485.88,1479.2,301.03,1662.18,281.08,2656.58,432.88,11345.32,2129.92,2148.01,4340.64,121.73,10273.91
2026-09-10,1531.15,880.6,616.08,3409.3,1461.97,303.23,1678.01,276.14,2629.03,437.42,11256.26,2115.8,2183.14,4477.78,121.51,10310.63
2026-09-11,1533.6,870.69,612.98,3384.99,1422.29,295.04,1667.42,270.92,2602.38,432.12,11068.92,2050.18,2155.49,4391.6,117.49,10447.3
